dim1,dim2,dim3,dim4,Jan,Feb,Mar,Apr,May,Jun,Jul,Aug,Sep,Oct,Nov,Dec,Full Year
:measureComment is ''
"Salary or Adjustment Amount","World","All Employees","Budget",155381.2738993,0.0000000,0.0000000,0.0000000,0.0000000,0.0000000,0.0000000,0.0000000,0.0000000,0.0000000,0.0000000,0.0000000,155381.2738993
"Monthly Salary","World","All Employees","Budget",173271.8570536,173271.8570536,173271.8570536,173271.8570536,173271.8570536,173271.8570536,173271.8570536,173271.8570536,173271.8570536,173271.8570536,173271.8570536,173271.8570536,2079262.2846436
"Bonus Accrual %","World","All Employees","Budget",0.8993597,0.0000000,0.0000000,0.0000000,0.0000000,0.0000000,0.0000000,0.0000000,0.0000000,0.0000000,0.0000000,0.0000000,0.8993597
"Mthly Bonus Accrual %","World","All Employees","Budget",0.8993597,0.8993597,0.8993597,0.8993597,0.8993597,0.8993597,0.8993597,0.8993597,0.8993597,0.8993597,0.8993597,0.8993597,0.8993597
"Bonus","World","All Employees","Budget",8767.8638904,8767.8638904,8767.8638904,8767.8638904,8767.8638904,8767.8638904,8767.8638904,8767.8638904,8767.8638904,8767.8638904,8767.8638904,8767.8638904,105214.3666847
"Gross Salary","World","All Employees","Budget",182039.7209440,182039.7209440,182039.7209440,182039.7209440,182039.7209440,182039.7209440,182039.7209440,182039.7209440,182039.7209440,182039.7209440,182039.7209440,182039.7209440,2184476.6513283
"Salary or Adjustment Amount","North America","All Employees","Budget",63313.2197507,0.0000000,0.0000000,0.0000000,0.0000000,0.0000000,0.0000000,0.0000000,0.0000000,0.0000000,0.0000000,0.0000000,63313.2197507
"Monthly Salary","North America","All Employees","Budget",63313.2197507,63313.2197507,63313.2197507,63313.2197507,63313.2197507,63313.2197507,63313.2197507,63313.2197507,63313.2197507,63313.2197507,63313.2197507,63313.2197507,759758.6370090
"Bonus Accrual %","North America","All Employees","Budget",0.1973261,0.0000000,0.0000000,0.0000000,0.0000000,0.0000000,0.0000000,0.0000000,0.0000000,0.0000000,0.0000000,0.0000000,0.1973261
"Mthly Bonus Accrual %","North America","All Employees","Budget",0.1973261,0.1973261,0.1973261,0.1973261,0.1973261,0.1973261,0.1973261,0.1973261,0.1973261,0.1973261,0.1973261,0.1973261,2.3679129
"Bonus","North America","All Employees","Budget",2436.0506389,2436.0506389,2436.0506389,2436.0506389,2436.0506389,2436.0506389,2436.0506389,2436.0506389,2436.0506389,2436.0506389,2436.0506389,2436.0506389,29232.6076668
"Gross Salary","North America","All Employees","Budget",65749.2703897,65749.2703897,65749.2703897,65749.2703897,65749.2703897,65749.2703897,65749.2703897,65749.2703897,65749.2703897,65749.2703897,65749.2703897,65749.2703897,788991.2446758
"Salary or Adjustment Amount","USA","All Employees","Budget",40833.3333333,0.0000000,0.0000000,0.0000000,0.0000000,0.0000000,0.0000000,0.0000000,0.0000000,0.0000000,0.0000000,0.0000000,40833.3333333
"Monthly Salary","USA","All Employees","Budget",40833.3333333,40833.3333333,40833.3333333,40833.3333333,40833.3333333,40833.3333333,40833.3333333,40833.3333333,40833.3333333,40833.3333333,40833.3333333,40833.3333333,490000.0000000
"Bonus Accrual %","USA","All Employees","Budget",0.1500000,0.0000000,0.0000000,0.0000000,0.0000000,0.0000000,0.0000000,0.0000000,0.0000000,0.0000000,0.0000000,0.0000000,0.1500000
"Mthly Bonus Accrual %","USA","All Employees","Budget",0.1500000,0.1500000,0.1500000,0.1500000,0.1500000,0.1500000,0.1500000,0.1500000,0.1500000,0.1500000,0.1500000,0.1500000,1.8000000
"Bonus","USA","All Employees","Budget",2041.6666667,2041.6666667,2041.6666667,2041.6666667,2041.6666667,2041.6666667,2041.6666667,2041.6666667,2041.6666667,2041.6666667,2041.6666667,2041.6666667,24500.0000000
"Gross Salary","USA","All Employees","Budget",42875.0000000,42875.0000000,42875.0000000,42875.0000000,42875.0000000,42875.0000000,42875.0000000,42875.0000000,42875.0000000,42875.0000000,42875.0000000,42875.0000000,514500.0000000
"Salary or Adjustment Amount","Canada","All Employees","Budget",23750.0000000,0.0000000,0.0000000,0.0000000,0.0000000,0.0000000,0.0000000,0.0000000,0.0000000,0.0000000,0.0000000,0.0000000,23750.0000000
"Monthly Salary","Canada","All Employees","Budget",23750.0000000,23750.0000000,23750.0000000,23750.0000000,23750.0000000,23750.0000000,23750.0000000,23750.0000000,23750.0000000,23750.0000000,23750.0000000,23750.0000000,285000.0000000
"Bonus Accrual %","Canada","All Employees","Budget",0.0500000,0.0000000,0.0000000,0.0000000,0.0000000,0.0000000,0.0000000,0.0000000,0.0000000,0.0000000,0.0000000,0.0000000,0.0500000
"Mthly Bonus Accrual %","Canada","All Employees","Budget",0.0500000,0.0500000,0.0500000,0.0500000,0.0500000,0.0500000,0.0500000,0.0500000,0.0500000,0.0500000,0.0500000,0.0500000,0.6000000
"Bonus","Canada","All Employees","Budget",416.6666667,416.6666667,416.6666667,416.6666667,416.6666667,416.6666667,416.6666667,416.6666667,416.6666667,416.6666667,416.6666667,416.6666667,5000.0000000
"Gross Salary","Canada","All Employees","Budget",24166.6666667,24166.6666667,24166.6666667,24166.6666667,24166.6666667,24166.6666667,24166.6666667,24166.6666667,24166.6666667,24166.6666667,24166.6666667,24166.6666667,290000.0000000
"Salary or Adjustment Amount","Asia Pacific","All Employees","Budget",41379.9271573,0.0000000,0.0000000,0.0000000,0.0000000,0.0000000,0.0000000,0.0000000,0.0000000,0.0000000,0.0000000,0.0000000,41379.9271573
"Monthly Salary","Asia Pacific","All Employees","Budget",59270.5103116,59270.5103116,59270.5103116,59270.5103116,59270.5103116,59270.5103116,59270.5103116,59270.5103116,59270.5103116,59270.5103116,59270.5103116,59270.5103116,711246.1237390
"Bonus Accrual %","Asia Pacific","All Employees","Budget",0.3449236,0.0000000,0.0000000,0.0000000,0.0000000,0.0000000,0.0000000,0.0000000,0.0000000,0.0000000,0.0000000,0.0000000,0.3449236
"Mthly Bonus Accrual %","Asia Pacific","All Employees","Budget",0.3449236,0.3449236,0.3449236,0.3449236,0.3449236,0.3449236,0.3449236,0.3449236,0.3449236,0.3449236,0.3449236,0.3449236,4.1390828
"Bonus","Asia Pacific","All Employees","Budget",3797.4069019,3797.4069019,3797.4069019,3797.4069019,3797.4069019,3797.4069019,3797.4069019,3797.4069019,3797.4069019,3797.4069019,3797.4069019,3797.4069019,45568.8828231
"Gross Salary","Asia Pacific","All Employees","Budget",63067.9172135,63067.9172135,63067.9172135,63067.9172135,63067.9172135,63067.9172135,63067.9172135,63067.9172135,63067.9172135,63067.9172135,63067.9172135,63067.9172135,756815.0065621
"Salary or Adjustment Amount","Singapore","All Employees","Budget",7500.0000000,0.0000000,0.0000000,0.0000000,0.0000000,0.0000000,0.0000000,0.0000000,0.0000000,0.0000000,0.0000000,0.0000000,7500.0000000
"Monthly Salary","Singapore","All Employees","Budget",7500.0000000,7500.0000000,7500.0000000,7500.0000000,7500.0000000,7500.0000000,7500.0000000,7500.0000000,7500.0000000,7500.0000000,7500.0000000,7500.0000000,90000.0000000
"Bonus Accrual %","Singapore","All Employees","Budget",0.1666600,0.0000000,0.0000000,0.0000000,0.0000000,0.0000000,0.0000000,0.0000000,0.0000000,0.0000000,0.0000000,0.0000000,0.1666600
"Mthly Bonus Accrual %","Singapore","All Employees","Budget",0.1666600,0.1666600,0.1666600,0.1666600,0.1666600,0.1666600,0.1666600,0.1666600,0.1666600,0.1666600,0.1666600,0.1666600,1.9999200
"Bonus","Singapore","All Employees","Budget",624.9750000,624.9750000,624.9750000,624.9750000,624.9750000,624.9750000,624.9750000,624.9750000,624.9750000,624.9750000,624.9750000,624.9750000,7499.7000000
"Gross Salary","Singapore","All Employees","Budget",8124.9750000,8124.9750000,8124.9750000,8124.9750000,8124.9750000,8124.9750000,8124.9750000,8124.9750000,8124.9750000,8124.9750000,8124.9750000,8124.9750000,97499.7000000
"Salary or Adjustment Amount","Thailand","All Employees","Budget",54166.6666667,0.0000000,0.0000000,0.0000000,0.0000000,0.0000000,0.0000000,0.0000000,0.0000000,0.0000000,0.0000000,0.0000000,54166.6666667
"Monthly Salary","Thailand","All Employees","Budget",208333.3333333,208333.3333333,208333.3333333,208333.3333333,208333.3333333,208333.3333333,208333.3333333,208333.3333333,208333.3333333,208333.3333333,208333.3333333,208333.3333333,2500000.0000000
"Bonus Accrual %","Thailand","All Employees","Budget",0.1666600,0.0000000,0.0000000,0.0000000,0.0000000,0.0000000,0.0000000,0.0000000,0.0000000,0.0000000,0.0000000,0.0000000,0.1666600
"Mthly Bonus Accrual %","Thailand","All Employees","Budget",0.1666600,0.1666600,0.1666600,0.1666600,0.1666600,0.1666600,0.1666600,0.1666600,0.1666600,0.1666600,0.1666600,0.1666600,1.9999200
"Bonus","Thailand","All Employees","Budget",17360.4166667,17360.4166667,17360.4166667,17360.4166667,17360.4166667,17360.4166667,17360.4166667,17360.4166667,17360.4166667,17360.4166667,17360.4166667,17360.4166667,208325.0000000
"Gross Salary","Thailand","All Employees","Budget",225693.7500000,225693.7500000,225693.7500000,225693.7500000,225693.7500000,225693.7500000,225693.7500000,225693.7500000,225693.7500000,225693.7500000,225693.7500000,225693.7500000,2708325.0000000
"Salary or Adjustment Amount","Australia","All Employees","Budget",39166.6666667,0.0000000,0.0000000,0.0000000,0.0000000,0.0000000,0.0000000,0.0000000,0.0000000,0.0000000,0.0000000,0.0000000,39166.6666667
"Monthly Salary","Australia","All Employees","Budget",54166.6666667,54166.6666667,54166.6666667,54166.6666667,54166.6666667,54166.6666667,54166.6666667,54166.6666667,54166.6666667,54166.6666667,54166.6666667,54166.6666667,650000.0000000
"Bonus Accrual %","Australia","All Employees","Budget",0.2500000,0.0000000,0.0000000,0.0000000,0.0000000,0.0000000,0.0000000,0.0000000,0.0000000,0.0000000,0.0000000,0.0000000,0.2500000
"Mthly Bonus Accrual %","Australia","All Employees","Budget",0.2500000,0.2500000,0.2500000,0.2500000,0.2500000,0.2500000,0.2500000,0.2500000,0.2500000,0.2500000,0.2500000,0.2500000,3.0000000
"Bonus","Australia","All Employees","Budget",3208.2833333,3208.2833333,3208.2833333,3208.2833333,3208.2833333,3208.2833333,3208.2833333,3208.2833333,3208.2833333,3208.2833333,3208.2833333,3208.2833333,38499.4000000
"Gross Salary","Australia","All Employees","Budget",57374.9500000,57374.9500000,57374.9500000,57374.9500000,57374.9500000,57374.9500000,57374.9500000,57374.9500000,57374.9500000,57374.9500000,57374.9500000,57374.9500000,688499.4000000
"Salary or Adjustment Amount","Europe","All Employees","Budget",39354.2617960,0.0000000,0.0000000,0.0000000,0.0000000,0.0000000,0.0000000,0.0000000,0.0000000,0.0000000,0.0000000,0.0000000,39354.2617960
"Monthly Salary","Europe","All Employees","Budget",39354.2617960,39354.2617960,39354.2617960,39354.2617960,39354.2617960,39354.2617960,39354.2617960,39354.2617960,39354.2617960,39354.2617960,39354.2617960,39354.2617960,472251.1415525
"Bonus Accrual %","Europe","All Employees","Budget",0.2772603,0.0000000,0.0000000,0.0000000,0.0000000,0.0000000,0.0000000,0.0000000,0.0000000,0.0000000,0.0000000,0.0000000,0.2772603
"Mthly Bonus Accrual %","Europe","All Employees","Budget",0.2772603,0.2772603,0.2772603,0.2772603,0.2772603,0.2772603,0.2772603,0.2772603,0.2772603,0.2772603,0.2772603,0.2772603,3.3271233
"Bonus","Europe","All Employees","Budget",1967.7130898,1967.7130898,1967.7130898,1967.7130898,1967.7130898,1967.7130898,1967.7130898,1967.7130898,1967.7130898,1967.7130898,1967.7130898,1967.7130898,23612.5570776
"Gross Salary","Europe","All Employees","Budget",41321.9748858,41321.9748858,41321.9748858,41321.9748858,41321.9748858,41321.9748858,41321.9748858,41321.9748858,41321.9748858,41321.9748858,41321.9748858,41321.9748858,495863.6986301
"Salary or Adjustment Amount","UK","All Employees","Budget",21666.6666667,0.0000000,0.0000000,0.0000000,0.0000000,0.0000000,0.0000000,0.0000000,0.0000000,0.0000000,0.0000000,0.0000000,21666.6666667
"Monthly Salary","UK","All Employees","Budget",21666.6666667,21666.6666667,21666.6666667,21666.6666667,21666.6666667,21666.6666667,21666.6666667,21666.6666667,21666.6666667,21666.6666667,21666.6666667,21666.6666667,260000.0000000
"Bonus Accrual %","UK","All Employees","Budget",0.1500000,0.0000000,0.0000000,0.0000000,0.0000000,0.0000000,0.0000000,0.0000000,0.0000000,0.0000000,0.0000000,0.0000000,0.1500000
"Mthly Bonus Accrual %","UK","All Employees","Budget",0.1500000,0.1500000,0.1500000,0.1500000,0.1500000,0.1500000,0.1500000,0.1500000,0.1500000,0.1500000,0.1500000,0.1500000,1.8000000
"Bonus","UK","All Employees","Budget",1083.3333333,1083.3333333,1083.3333333,1083.3333333,1083.3333333,1083.3333333,1083.3333333,1083.3333333,1083.3333333,1083.3333333,1083.3333333,1083.3333333,13000.0000000
"Gross Salary","UK","All Employees","Budget",22750.0000000,22750.0000000,22750.0000000,22750.0000000,22750.0000000,22750.0000000,22750.0000000,22750.0000000,22750.0000000,22750.0000000,22750.0000000,22750.0000000,273000.0000000
"Salary or Adjustment Amount","France","All Employees","Budget",13750.0000000,0.0000000,0.0000000,0.0000000,0.0000000,0.0000000,0.0000000,0.0000000,0.0000000,0.0000000,0.0000000,0.0000000,13750.0000000
"Monthly Salary","France","All Employees","Budget",13750.0000000,13750.0000000,13750.0000000,13750.0000000,13750.0000000,13750.0000000,13750.0000000,13750.0000000,13750.0000000,13750.0000000,13750.0000000,13750.0000000,165000.0000000
"Bonus Accrual %","France","All Employees","Budget",0.1000000,0.0000000,0.0000000,0.0000000,0.0000000,0.0000000,0.0000000,0.0000000,0.0000000,0.0000000,0.0000000,0.0000000,0.1000000
"Mthly Bonus Accrual %","France","All Employees","Budget",0.1000000,0.1000000,0.1000000,0.1000000,0.1000000,0.1000000,0.1000000,0.1000000,0.1000000,0.1000000,0.1000000,0.1000000,1.2000000
"Bonus","France","All Employees","Budget",687.5000000,687.5000000,687.5000000,687.5000000,687.5000000,687.5000000,687.5000000,687.5000000,687.5000000,687.5000000,687.5000000,687.5000000,8250.0000000
"Gross Salary","France","All Employees","Budget",14437.5000000,14437.5000000,14437.5000000,14437.5000000,14437.5000000,14437.5000000,14437.5000000,14437.5000000,14437.5000000,14437.5000000,14437.5000000,14437.5000000,173250.0000000
"Monthly Salary","World","Ashton Putcher","Budget",11415.5251142,11415.5251142,11415.5251142,11415.5251142,11415.5251142,11415.5251142,11415.5251142,11415.5251142,11415.5251142,11415.5251142,11415.5251142,11415.5251142,136986.3013699
"Mthly Bonus Accrual %","World","Ashton Putcher","Budget",0.0761035,0.0761035,0.0761035,0.0761035,0.0761035,0.0761035,0.0761035,0.0761035,0.0761035,0.0761035,0.0761035,0.0761035,0.9132420
"Bonus","World","Ashton Putcher","Budget",570.7762557,570.7762557,570.7762557,570.7762557,570.7762557,570.7762557,570.7762557,570.7762557,570.7762557,570.7762557,570.7762557,570.7762557,6849.3150685
"Gross Salary","World","Ashton Putcher","Budget",11986.3013699,11986.3013699,11986.3013699,11986.3013699,11986.3013699,11986.3013699,11986.3013699,11986.3013699,11986.3013699,11986.3013699,11986.3013699,11986.3013699,143835.6164384
"Monthly Salary","Europe","Ashton Putcher","Budget",8863.0136986,8863.0136986,8863.0136986,8863.0136986,8863.0136986,8863.0136986,8863.0136986,8863.0136986,8863.0136986,8863.0136986,8863.0136986,8863.0136986,106356.1643836
"Mthly Bonus Accrual %","Europe","Ashton Putcher","Budget",0.0590868,0.0590868,0.0590868,0.0590868,0.0590868,0.0590868,0.0590868,0.0590868,0.0590868,0.0590868,0.0590868,0.0590868,0.7090411
"Bonus","Europe","Ashton Putcher","Budget",443.1506849,443.1506849,443.1506849,443.1506849,443.1506849,443.1506849,443.1506849,443.1506849,443.1506849,443.1506849,443.1506849,443.1506849,5317.8082192
"Gross Salary","Europe","Ashton Putcher","Budget",9306.1643836,9306.1643836,9306.1643836,9306.1643836,9306.1643836,9306.1643836,9306.1643836,9306.1643836,9306.1643836,9306.1643836,9306.1643836,9306.1643836,111673.9726027
"Salary or Adjustment Amount","UK","Ashton Putcher","Budget",7500.0000000,0.00,0.00,0.00,0.00,0.00,0.00,0.00,0.00,0.00,0.00,0.00,7500.0000000
"Monthly Salary","UK","Ashton Putcher","Budget",7500.0000000,7500.0000000,7500.0000000,7500.0000000,7500.0000000,7500.0000000,7500.0000000,7500.0000000,7500.0000000,7500.0000000,7500.0000000,7500.0000000,90000.0000000
"Bonus Accrual %","UK","Ashton Putcher","Budget",0.0500000,0.00,0.00,0.00,0.00,0.00,0.00,0.00,0.00,0.00,0.00,0.00,0.0500000
"Mthly Bonus Accrual %","UK","Ashton Putcher","Budget",0.0500000,0.0500000,0.0500000,0.0500000,0.0500000,0.0500000,0.0500000,0.0500000,0.0500000,0.0500000,0.0500000,0.0500000,0.0500000
"Bonus","UK","Ashton Putcher","Budget",375.0000000,375.0000000,375.0000000,375.0000000,375.0000000,375.0000000,375.0000000,375.0000000,375.0000000,375.0000000,375.0000000,375.0000000,4500.0000000
"Gross Salary","UK","Ashton Putcher","Budget",7875.0000000,7875.0000000,7875.0000000,7875.0000000,7875.0000000,7875.0000000,7875.0000000,7875.0000000,7875.0000000,7875.0000000,7875.0000000,7875.0000000,94500.0000000
"Monthly Salary","World","David Beckham","Budget",8586.6391894,8586.6391894,8586.6391894,8586.6391894,8586.6391894,8586.6391894,8586.6391894,8586.6391894,8586.6391894,8586.6391894,8586.6391894,8586.6391894,103039.6702731
"Mthly Bonus Accrual %","World","David Beckham","Budget",0.0643998,0.0643998,0.0643998,0.0643998,0.0643998,0.0643998,0.0643998,0.0643998,0.0643998,0.0643998,0.0643998,0.0643998,0.7727975
"Bonus","World","David Beckham","Budget",429.3319595,429.3319595,429.3319595,429.3319595,429.3319595,429.3319595,429.3319595,429.3319595,429.3319595,429.3319595,429.3319595,429.3319595,5151.9835137
"Gross Salary","World","David Beckham","Budget",9015.9711489,9015.9711489,9015.9711489,9015.9711489,9015.9711489,9015.9711489,9015.9711489,9015.9711489,9015.9711489,9015.9711489,9015.9711489,9015.9711489,108191.6537867
"Monthly Salary","Europe","David Beckham","Budget",6666.6666667,6666.6666667,6666.6666667,6666.6666667,6666.6666667,6666.6666667,6666.6666667,6666.6666667,6666.6666667,6666.6666667,6666.6666667,6666.6666667,80000.0000000
"Mthly Bonus Accrual %","Europe","David Beckham","Budget",0.0500000,0.0500000,0.0500000,0.0500000,0.0500000,0.0500000,0.0500000,0.0500000,0.0500000,0.0500000,0.0500000,0.0500000,0.6000000
"Bonus","Europe","David Beckham","Budget",333.3333333,333.3333333,333.3333333,333.3333333,333.3333333,333.3333333,333.3333333,333.3333333,333.3333333,333.3333333,333.3333333,333.3333333,4000.0000000
"Gross Salary","Europe","David Beckham","Budget",7000.0000000,7000.0000000,7000.0000000,7000.0000000,7000.0000000,7000.0000000,7000.0000000,7000.0000000,7000.0000000,7000.0000000,7000.0000000,7000.0000000,84000.0000000
"Salary or Adjustment Amount","France","David Beckham","Budget",6666.6666667,0.00,0.00,0.00,0.00,0.00,0.00,0.00,0.00,0.00,0.00,0.00,6666.6666667
"Monthly Salary","France","David Beckham","Budget",6666.6666667,6666.6666667,6666.6666667,6666.6666667,6666.6666667,6666.6666667,6666.6666667,6666.6666667,6666.6666667,6666.6666667,6666.6666667,6666.6666667,80000.0000000
"Bonus Accrual %","France","David Beckham","Budget",0.0500000,0.00,0.00,0.00,0.00,0.00,0.00,0.00,0.00,0.00,0.00,0.00,0.0500000
"Mthly Bonus Accrual %","France","David Beckham","Budget",0.0500000,0.0500000,0.0500000,0.0500000,0.0500000,0.0500000,0.0500000,0.0500000,0.0500000,0.0500000,0.0500000,0.0500000,0.0500000
"Bonus","France","David Beckham","Budget",333.3333333,333.3333333,333.3333333,333.3333333,333.3333333,333.3333333,333.3333333,333.3333333,333.3333333,333.3333333,333.3333333,333.3333333,4000.0000000
"Gross Salary","France","David Beckham","Budget",7000.0000000,7000.0000000,7000.0000000,7000.0000000,7000.0000000,7000.0000000,7000.0000000,7000.0000000,7000.0000000,7000.0000000,7000.0000000,7000.0000000,84000.0000000
"Monthly Salary","World","Drew Circles","Budget",2422.8327761,2422.8327761,2422.8327761,2422.8327761,2422.8327761,2422.8327761,2422.8327761,2422.8327761,2422.8327761,2422.8327761,2422.8327761,2422.8327761,29073.9933130
"Mthly Bonus Accrual %","World","Drew Circles","Budget",0.0605684,0.0605684,0.0605684,0.0605684,0.0605684,0.0605684,0.0605684,0.0605684,0.0605684,0.0605684,0.0605684,0.0605684,0.7268208
"Bonus","World","Drew Circles","Budget",201.8946552,201.8946552,201.8946552,201.8946552,201.8946552,201.8946552,201.8946552,201.8946552,201.8946552,201.8946552,201.8946552,201.8946552,2422.7358628
"Gross Salary","World","Drew Circles","Budget",2624.7274313,2624.7274313,2624.7274313,2624.7274313,2624.7274313,2624.7274313,2624.7274313,2624.7274313,2624.7274313,2624.7274313,2624.7274313,2624.7274313,31496.7291758
"Monthly Salary","Asia Pacific","Drew Circles","Budget",2422.8327761,2422.8327761,2422.8327761,2422.8327761,2422.8327761,2422.8327761,2422.8327761,2422.8327761,2422.8327761,2422.8327761,2422.8327761,2422.8327761,29073.9933130
"Mthly Bonus Accrual %","Asia Pacific","Drew Circles","Budget",0.0605684,0.0605684,0.0605684,0.0605684,0.0605684,0.0605684,0.0605684,0.0605684,0.0605684,0.0605684,0.0605684,0.0605684,0.7268208
"Bonus","Asia Pacific","Drew Circles","Budget",201.8946552,201.8946552,201.8946552,201.8946552,201.8946552,201.8946552,201.8946552,201.8946552,201.8946552,201.8946552,201.8946552,201.8946552,2422.7358628
"Gross Salary","Asia Pacific","Drew Circles","Budget",2624.7274313,2624.7274313,2624.7274313,2624.7274313,2624.7274313,2624.7274313,2624.7274313,2624.7274313,2624.7274313,2624.7274313,2624.7274313,2624.7274313,31496.7291758
"Salary or Adjustment Amount","Singapore","Drew Circles","Budget",3333.3333333,0.00,0.00,0.00,0.00,0.00,0.00,0.00,0.00,0.00,0.00,0.00,3333.3333333
"Monthly Salary","Singapore","Drew Circles","Budget",3333.3333333,3333.3333333,3333.3333333,3333.3333333,3333.3333333,3333.3333333,3333.3333333,3333.3333333,3333.3333333,3333.3333333,3333.3333333,3333.3333333,40000.0000000
"Bonus Accrual %","Singapore","Drew Circles","Budget",0.0833300,0.00,0.00,0.00,0.00,0.00,0.00,0.00,0.00,0.00,0.00,0.00,0.0833300
"Mthly Bonus Accrual %","Singapore","Drew Circles","Budget",0.0833300,0.0833300,0.0833300,0.0833300,0.0833300,0.0833300,0.0833300,0.0833300,0.0833300,0.0833300,0.0833300,0.0833300,0.0833300
"Bonus","Singapore","Drew Circles","Budget",277.7666667,277.7666667,277.7666667,277.7666667,277.7666667,277.7666667,277.7666667,277.7666667,277.7666667,277.7666667,277.7666667,277.7666667,3333.2000000
"Gross Salary","Singapore","Drew Circles","Budget",3611.1000000,3611.1000000,3611.1000000,3611.1000000,3611.1000000,3611.1000000,3611.1000000,3611.1000000,3611.1000000,3611.1000000,3611.1000000,3611.1000000,43333.2000000
"Monthly Salary","World","Geoff Golding","Budget",5126.9916391,5126.9916391,5126.9916391,5126.9916391,5126.9916391,5126.9916391,5126.9916391,5126.9916391,5126.9916391,5126.9916391,5126.9916391,5126.9916391,61523.8996687
"Gross Salary","World","Geoff Golding","Budget",5126.9916391,5126.9916391,5126.9916391,5126.9916391,5126.9916391,5126.9916391,5126.9916391,5126.9916391,5126.9916391,5126.9916391,5126.9916391,5126.9916391,61523.8996687
"Monthly Salary","North America","Geoff Golding","Budget",5126.9916391,5126.9916391,5126.9916391,5126.9916391,5126.9916391,5126.9916391,5126.9916391,5126.9916391,5126.9916391,5126.9916391,5126.9916391,5126.9916391,61523.8996687
"Gross Salary","North America","Geoff Golding","Budget",5126.9916391,5126.9916391,5126.9916391,5126.9916391,5126.9916391,5126.9916391,5126.9916391,5126.9916391,5126.9916391,5126.9916391,5126.9916391,5126.9916391,61523.8996687
"Salary or Adjustment Amount","Canada","Geoff Golding","Budget",5416.6666667,0.00,0.00,0.00,0.00,0.00,0.00,0.00,0.00,0.00,0.00,0.00,5416.6666667
"Monthly Salary","Canada","Geoff Golding","Budget",5416.6666667,5416.6666667,5416.6666667,5416.6666667,5416.6666667,5416.6666667,5416.6666667,5416.6666667,5416.6666667,5416.6666667,5416.6666667,5416.6666667,65000.0000000
"Gross Salary","Canada","Geoff Golding","Budget",5416.6666667,5416.6666667,5416.6666667,5416.6666667,5416.6666667,5416.6666667,5416.6666667,5416.6666667,5416.6666667,5416.6666667,5416.6666667,5416.6666667,65000.0000000
"Monthly Salary","World","Gordon Ramsay","Budget",6310.1435558,6310.1435558,6310.1435558,6310.1435558,6310.1435558,6310.1435558,6310.1435558,6310.1435558,6310.1435558,6310.1435558,6310.1435558,6310.1435558,75721.7226692
"Gross Salary","World","Gordon Ramsay","Budget",6310.1435558,6310.1435558,6310.1435558,6310.1435558,6310.1435558,6310.1435558,6310.1435558,6310.1435558,6310.1435558,6310.1435558,6310.1435558,6310.1435558,75721.7226692
"Monthly Salary","North America","Gordon Ramsay","Budget",6310.1435558,6310.1435558,6310.1435558,6310.1435558,6310.1435558,6310.1435558,6310.1435558,6310.1435558,6310.1435558,6310.1435558,6310.1435558,6310.1435558,75721.7226692
"Gross Salary","North America","Gordon Ramsay","Budget",6310.1435558,6310.1435558,6310.1435558,6310.1435558,6310.1435558,6310.1435558,6310.1435558,6310.1435558,6310.1435558,6310.1435558,6310.1435558,6310.1435558,75721.7226692
"Salary or Adjustment Amount","Canada","Gordon Ramsay","Budget",6666.6666667,0.00,0.00,0.00,0.00,0.00,0.00,0.00,0.00,0.00,0.00,0.00,6666.6666667
"Monthly Salary","Canada","Gordon Ramsay","Budget",6666.6666667,6666.6666667,6666.6666667,6666.6666667,6666.6666667,6666.6666667,6666.6666667,6666.6666667,6666.6666667,6666.6666667,6666.6666667,6666.6666667,80000.0000000
"Gross Salary","Canada","Gordon Ramsay","Budget",6666.6666667,6666.6666667,6666.6666667,6666.6666667,6666.6666667,6666.6666667,6666.6666667,6666.6666667,6666.6666667,6666.6666667,6666.6666667,6666.6666667,80000.0000000
"Monthly Salary","World","Greg Norman","Budget",11660.1078560,11660.1078560,11660.1078560,11660.1078560,11660.1078560,11660.1078560,11660.1078560,11660.1078560,11660.1078560,11660.1078560,11660.1078560,11660.1078560,139921.2942720
"Mthly Bonus Accrual %","World","Greg Norman","Budget",0.0437254,0.0437254,0.0437254,0.0437254,0.0437254,0.0437254,0.0437254,0.0437254,0.0437254,0.0437254,0.0437254,0.0437254,0.5247049
"Bonus","World","Greg Norman","Budget",583.0053928,583.0053928,583.0053928,583.0053928,583.0053928,583.0053928,583.0053928,583.0053928,583.0053928,583.0053928,583.0053928,583.0053928,6996.0647136
"Gross Salary","World","Greg Norman","Budget",12243.1132488,12243.1132488,12243.1132488,12243.1132488,12243.1132488,12243.1132488,12243.1132488,12243.1132488,12243.1132488,12243.1132488,12243.1132488,12243.1132488,146917.3589856
"Monthly Salary","Asia Pacific","Greg Norman","Budget",11660.1078560,11660.1078560,11660.1078560,11660.1078560,11660.1078560,11660.1078560,11660.1078560,11660.1078560,11660.1078560,11660.1078560,11660.1078560,11660.1078560,139921.2942720
"Mthly Bonus Accrual %","Asia Pacific","Greg Norman","Budget",0.0437254,0.0437254,0.0437254,0.0437254,0.0437254,0.0437254,0.0437254,0.0437254,0.0437254,0.0437254,0.0437254,0.0437254,0.5247049
"Bonus","Asia Pacific","Greg Norman","Budget",583.0053928,583.0053928,583.0053928,583.0053928,583.0053928,583.0053928,583.0053928,583.0053928,583.0053928,583.0053928,583.0053928,583.0053928,6996.0647136
"Gross Salary","Asia Pacific","Greg Norman","Budget",12243.1132488,12243.1132488,12243.1132488,12243.1132488,12243.1132488,12243.1132488,12243.1132488,12243.1132488,12243.1132488,12243.1132488,12243.1132488,12243.1132488,146917.3589856
"Salary or Adjustment Amount","Australia","Greg Norman","Budget",13333.3333333,0.00,0.00,0.00,0.00,0.00,0.00,0.00,0.00,0.00,0.00,0.00,13333.3333333
"Monthly Salary","Australia","Greg Norman","Budget",13333.3333333,13333.3333333,13333.3333333,13333.3333333,13333.3333333,13333.3333333,13333.3333333,13333.3333333,13333.3333333,13333.3333333,13333.3333333,13333.3333333,160000.0000000
"Bonus Accrual %","Australia","Greg Norman","Budget",0.0500000,0.00,0.00,0.00,0.00,0.00,0.00,0.00,0.00,0.00,0.00,0.00,0.0500000
"Mthly Bonus Accrual %","Australia","Greg Norman","Budget",0.0500000,0.0500000,0.0500000,0.0500000,0.0500000,0.0500000,0.0500000,0.0500000,0.0500000,0.0500000,0.0500000,0.0500000,0.0500000
"Bonus","Australia","Greg Norman","Budget",666.6666667,666.6666667,666.6666667,666.6666667,666.6666667,666.6666667,666.6666667,666.6666667,666.6666667,666.6666667,666.6666667,666.6666667,8000.0000000
"Gross Salary","Australia","Greg Norman","Budget",14000.0000000,14000.0000000,14000.0000000,14000.0000000,14000.0000000,14000.0000000,14000.0000000,14000.0000000,14000.0000000,14000.0000000,14000.0000000,14000.0000000,168000.0000000
"Monthly Salary","World","Harry Hopper","Budget",1457.5134820,1457.5134820,1457.5134820,1457.5134820,1457.5134820,1457.5134820,1457.5134820,1457.5134820,1457.5134820,1457.5134820,1457.5134820,1457.5134820,17490.1617840
"Mthly Bonus Accrual %","World","Harry Hopper","Budget",0.0437254,0.0437254,0.0437254,0.0437254,0.0437254,0.0437254,0.0437254,0.0437254,0.0437254,0.0437254,0.0437254,0.0437254,0.5247049
"Bonus","World","Harry Hopper","Budget",72.8756741,72.8756741,72.8756741,72.8756741,72.8756741,72.8756741,72.8756741,72.8756741,72.8756741,72.8756741,72.8756741,72.8756741,874.5080892
"Gross Salary","World","Harry Hopper","Budget",1530.3891561,1530.3891561,1530.3891561,1530.3891561,1530.3891561,1530.3891561,1530.3891561,1530.3891561,1530.3891561,1530.3891561,1530.3891561,1530.3891561,18364.6698732
"Monthly Salary","Asia Pacific","Harry Hopper","Budget",1457.5134820,1457.5134820,1457.5134820,1457.5134820,1457.5134820,1457.5134820,1457.5134820,1457.5134820,1457.5134820,1457.5134820,1457.5134820,1457.5134820,17490.1617840
"Mthly Bonus Accrual %","Asia Pacific","Harry Hopper","Budget",0.0437254,0.0437254,0.0437254,0.0437254,0.0437254,0.0437254,0.0437254,0.0437254,0.0437254,0.0437254,0.0437254,0.0437254,0.5247049
"Bonus","Asia Pacific","Harry Hopper","Budget",72.8756741,72.8756741,72.8756741,72.8756741,72.8756741,72.8756741,72.8756741,72.8756741,72.8756741,72.8756741,72.8756741,72.8756741,874.5080892
"Gross Salary","Asia Pacific","Harry Hopper","Budget",1530.3891561,1530.3891561,1530.3891561,1530.3891561,1530.3891561,1530.3891561,1530.3891561,1530.3891561,1530.3891561,1530.3891561,1530.3891561,1530.3891561,18364.6698732
"Salary or Adjustment Amount","Australia","Harry Hopper","Budget",1666.6666667,0.00,0.00,0.00,0.00,0.00,0.00,0.00,0.00,0.00,0.00,0.00,1666.6666667
"Monthly Salary","Australia","Harry Hopper","Budget",1666.6666667,1666.6666667,1666.6666667,1666.6666667,1666.6666667,1666.6666667,1666.6666667,1666.6666667,1666.6666667,1666.6666667,1666.6666667,1666.6666667,20000.0000000
"Bonus Accrual %","Australia","Harry Hopper","Budget",0.0500000,0.00,0.00,0.00,0.00,0.00,0.00,0.00,0.00,0.00,0.00,0.00,0.0500000
"Mthly Bonus Accrual %","Australia","Harry Hopper","Budget",0.0500000,0.0500000,0.0500000,0.0500000,0.0500000,0.0500000,0.0500000,0.0500000,0.0500000,0.0500000,0.0500000,0.0500000,0.0500000
"Bonus","Australia","Harry Hopper","Budget",83.3333333,83.3333333,83.3333333,83.3333333,83.3333333,83.3333333,83.3333333,83.3333333,83.3333333,83.3333333,83.3333333,83.3333333,1000.0000000
"Gross Salary","Australia","Harry Hopper","Budget",1750.0000000,1750.0000000,1750.0000000,1750.0000000,1750.0000000,1750.0000000,1750.0000000,1750.0000000,1750.0000000,1750.0000000,1750.0000000,1750.0000000,21000.0000000
"Monthly Salary","World","Harry Potter","Budget",7887.6794447,7887.6794447,7887.6794447,7887.6794447,7887.6794447,7887.6794447,7887.6794447,7887.6794447,7887.6794447,7887.6794447,7887.6794447,7887.6794447,94652.1533365
"Mthly Bonus Accrual %","World","Harry Potter","Budget",0.0473261,0.0473261,0.0473261,0.0473261,0.0473261,0.0473261,0.0473261,0.0473261,0.0473261,0.0473261,0.0473261,0.0473261,0.5679129
"Bonus","World","Harry Potter","Budget",394.3839722,394.3839722,394.3839722,394.3839722,394.3839722,394.3839722,394.3839722,394.3839722,394.3839722,394.3839722,394.3839722,394.3839722,4732.6076668
"Gross Salary","World","Harry Potter","Budget",8282.0634169,8282.0634169,8282.0634169,8282.0634169,8282.0634169,8282.0634169,8282.0634169,8282.0634169,8282.0634169,8282.0634169,8282.0634169,8282.0634169,99384.7610033
"Monthly Salary","North America","Harry Potter","Budget",7887.6794447,7887.6794447,7887.6794447,7887.6794447,7887.6794447,7887.6794447,7887.6794447,7887.6794447,7887.6794447,7887.6794447,7887.6794447,7887.6794447,94652.1533365
"Mthly Bonus Accrual %","North America","Harry Potter","Budget",0.0473261,0.0473261,0.0473261,0.0473261,0.0473261,0.0473261,0.0473261,0.0473261,0.0473261,0.0473261,0.0473261,0.0473261,0.5679129
"Bonus","North America","Harry Potter","Budget",394.3839722,394.3839722,394.3839722,394.3839722,394.3839722,394.3839722,394.3839722,394.3839722,394.3839722,394.3839722,394.3839722,394.3839722,4732.6076668
"Gross Salary","North America","Harry Potter","Budget",8282.0634169,8282.0634169,8282.0634169,8282.0634169,8282.0634169,8282.0634169,8282.0634169,8282.0634169,8282.0634169,8282.0634169,8282.0634169,8282.0634169,99384.7610033
"Salary or Adjustment Amount","Canada","Harry Potter","Budget",8333.3333333,0.00,0.00,0.00,0.00,0.00,0.00,0.00,0.00,0.00,0.00,0.00,8333.3333333
"Monthly Salary","Canada","Harry Potter","Budget",8333.3333333,8333.3333333,8333.3333333,8333.3333333,8333.3333333,8333.3333333,8333.3333333,8333.3333333,8333.3333333,8333.3333333,8333.3333333,8333.3333333,100000.0000000
"Bonus Accrual %","Canada","Harry Potter","Budget",0.0500000,0.00,0.00,0.00,0.00,0.00,0.00,0.00,0.00,0.00,0.00,0.00,0.0500000
"Mthly Bonus Accrual %","Canada","Harry Potter","Budget",0.0500000,0.0500000,0.0500000,0.0500000,0.0500000,0.0500000,0.0500000,0.0500000,0.0500000,0.0500000,0.0500000,0.0500000,0.0500000
"Bonus","Canada","Harry Potter","Budget",416.6666667,416.6666667,416.6666667,416.6666667,416.6666667,416.6666667,416.6666667,416.6666667,416.6666667,416.6666667,416.6666667,416.6666667,5000.0000000
"Gross Salary","Canada","Harry Potter","Budget",8750.0000000,8750.0000000,8750.0000000,8750.0000000,8750.0000000,8750.0000000,8750.0000000,8750.0000000,8750.0000000,8750.0000000,8750.0000000,8750.0000000,105000.0000000
"Monthly Salary","World","Hermione Plaistow","Budget",3155.0717779,3155.0717779,3155.0717779,3155.0717779,3155.0717779,3155.0717779,3155.0717779,3155.0717779,3155.0717779,3155.0717779,3155.0717779,3155.0717779,37860.8613346
"Gross Salary","World","Hermione Plaistow","Budget",3155.0717779,3155.0717779,3155.0717779,3155.0717779,3155.0717779,3155.0717779,3155.0717779,3155.0717779,3155.0717779,3155.0717779,3155.0717779,3155.0717779,37860.8613346
"Monthly Salary","North America","Hermione Plaistow","Budget",3155.0717779,3155.0717779,3155.0717779,3155.0717779,3155.0717779,3155.0717779,3155.0717779,3155.0717779,3155.0717779,3155.0717779,3155.0717779,3155.0717779,37860.8613346
"Gross Salary","North America","Hermione Plaistow","Budget",3155.0717779,3155.0717779,3155.0717779,3155.0717779,3155.0717779,3155.0717779,3155.0717779,3155.0717779,3155.0717779,3155.0717779,3155.0717779,3155.0717779,37860.8613346
"Salary or Adjustment Amount","Canada","Hermione Plaistow","Budget",3333.3333333,0.00,0.00,0.00,0.00,0.00,0.00,0.00,0.00,0.00,0.00,0.00,3333.3333333
"Monthly Salary","Canada","Hermione Plaistow","Budget",3333.3333333,3333.3333333,3333.3333333,3333.3333333,3333.3333333,3333.3333333,3333.3333333,3333.3333333,3333.3333333,3333.3333333,3333.3333333,3333.3333333,40000.0000000
"Gross Salary","Canada","Hermione Plaistow","Budget",3333.3333333,3333.3333333,3333.3333333,3333.3333333,3333.3333333,3333.3333333,3333.3333333,3333.3333333,3333.3333333,3333.3333333,3333.3333333,3333.3333333,40000.0000000
"Monthly Salary","World","Hia Watha","Budget",1457.5134820,1457.5134820,1457.5134820,1457.5134820,1457.5134820,1457.5134820,1457.5134820,1457.5134820,1457.5134820,1457.5134820,1457.5134820,1457.5134820,17490.1617840
"Mthly Bonus Accrual %","World","Hia Watha","Budget",0.0437254,0.0437254,0.0437254,0.0437254,0.0437254,0.0437254,0.0437254,0.0437254,0.0437254,0.0437254,0.0437254,0.0437254,0.5247049
"Bonus","World","Hia Watha","Budget",72.8756741,72.8756741,72.8756741,72.8756741,72.8756741,72.8756741,72.8756741,72.8756741,72.8756741,72.8756741,72.8756741,72.8756741,874.5080892
"Gross Salary","World","Hia Watha","Budget",1530.3891561,1530.3891561,1530.3891561,1530.3891561,1530.3891561,1530.3891561,1530.3891561,1530.3891561,1530.3891561,1530.3891561,1530.3891561,1530.3891561,18364.6698732
"Monthly Salary","Asia Pacific","Hia Watha","Budget",1457.5134820,1457.5134820,1457.5134820,1457.5134820,1457.5134820,1457.5134820,1457.5134820,1457.5134820,1457.5134820,1457.5134820,1457.5134820,1457.5134820,17490.1617840
"Mthly Bonus Accrual %","Asia Pacific","Hia Watha","Budget",0.0437254,0.0437254,0.0437254,0.0437254,0.0437254,0.0437254,0.0437254,0.0437254,0.0437254,0.0437254,0.0437254,0.0437254,0.5247049
"Bonus","Asia Pacific","Hia Watha","Budget",72.8756741,72.8756741,72.8756741,72.8756741,72.8756741,72.8756741,72.8756741,72.8756741,72.8756741,72.8756741,72.8756741,72.8756741,874.5080892
"Gross Salary","Asia Pacific","Hia Watha","Budget",1530.3891561,1530.3891561,1530.3891561,1530.3891561,1530.3891561,1530.3891561,1530.3891561,1530.3891561,1530.3891561,1530.3891561,1530.3891561,1530.3891561,18364.6698732
"Salary or Adjustment Amount","Australia","Hia Watha","Budget",1666.6666667,0.00,0.00,0.00,0.00,0.00,0.00,0.00,0.00,0.00,0.00,0.00,1666.6666667
"Monthly Salary","Australia","Hia Watha","Budget",1666.6666667,1666.6666667,1666.6666667,1666.6666667,1666.6666667,1666.6666667,1666.6666667,1666.6666667,1666.6666667,1666.6666667,1666.6666667,1666.6666667,20000.0000000
"Bonus Accrual %","Australia","Hia Watha","Budget",0.0500000,0.00,0.00,0.00,0.00,0.00,0.00,0.00,0.00,0.00,0.00,0.00,0.0500000
"Mthly Bonus Accrual %","Australia","Hia Watha","Budget",0.0500000,0.0500000,0.0500000,0.0500000,0.0500000,0.0500000,0.0500000,0.0500000,0.0500000,0.0500000,0.0500000,0.0500000,0.0500000
"Bonus","Australia","Hia Watha","Budget",83.3333333,83.3333333,83.3333333,83.3333333,83.3333333,83.3333333,83.3333333,83.3333333,83.3333333,83.3333333,83.3333333,83.3333333,1000.0000000
"Gross Salary","Australia","Hia Watha","Budget",1750.0000000,1750.0000000,1750.0000000,1750.0000000,1750.0000000,1750.0000000,1750.0000000,1750.0000000,1750.0000000,1750.0000000,1750.0000000,1750.0000000,21000.0000000
"Monthly Salary","World","Jack Johnson","Budget",9123.3041388,9123.3041388,9123.3041388,9123.3041388,9123.3041388,9123.3041388,9123.3041388,9123.3041388,9123.3041388,9123.3041388,9123.3041388,9123.3041388,109479.6496651
"Mthly Bonus Accrual %","World","Jack Johnson","Budget",0.0643998,0.0643998,0.0643998,0.0643998,0.0643998,0.0643998,0.0643998,0.0643998,0.0643998,0.0643998,0.0643998,0.0643998,0.7727975
"Bonus","World","Jack Johnson","Budget",456.1652069,456.1652069,456.1652069,456.1652069,456.1652069,456.1652069,456.1652069,456.1652069,456.1652069,456.1652069,456.1652069,456.1652069,5473.9824833
"Gross Salary","World","Jack Johnson","Budget",9579.4693457,9579.4693457,9579.4693457,9579.4693457,9579.4693457,9579.4693457,9579.4693457,9579.4693457,9579.4693457,9579.4693457,9579.4693457,9579.4693457,114953.6321484
"Monthly Salary","Europe","Jack Johnson","Budget",7083.3333333,7083.3333333,7083.3333333,7083.3333333,7083.3333333,7083.3333333,7083.3333333,7083.3333333,7083.3333333,7083.3333333,7083.3333333,7083.3333333,85000.0000000
"Mthly Bonus Accrual %","Europe","Jack Johnson","Budget",0.0500000,0.0500000,0.0500000,0.0500000,0.0500000,0.0500000,0.0500000,0.0500000,0.0500000,0.0500000,0.0500000,0.0500000,0.6000000
"Bonus","Europe","Jack Johnson","Budget",354.1666667,354.1666667,354.1666667,354.1666667,354.1666667,354.1666667,354.1666667,354.1666667,354.1666667,354.1666667,354.1666667,354.1666667,4250.0000000
"Gross Salary","Europe","Jack Johnson","Budget",7437.5000000,7437.5000000,7437.5000000,7437.5000000,7437.5000000,7437.5000000,7437.5000000,7437.5000000,7437.5000000,7437.5000000,7437.5000000,7437.5000000,89250.0000000
"Salary or Adjustment Amount","France","Jack Johnson","Budget",7083.3333333,0.00,0.00,0.00,0.00,0.00,0.00,0.00,0.00,0.00,0.00,0.00,7083.3333333
"Monthly Salary","France","Jack Johnson","Budget",7083.3333333,7083.3333333,7083.3333333,7083.3333333,7083.3333333,7083.3333333,7083.3333333,7083.3333333,7083.3333333,7083.3333333,7083.3333333,7083.3333333,85000.0000000
"Bonus Accrual %","France","Jack Johnson","Budget",0.0500000,0.00,0.00,0.00,0.00,0.00,0.00,0.00,0.00,0.00,0.00,0.00,0.0500000
"Mthly Bonus Accrual %","France","Jack Johnson","Budget",0.0500000,0.0500000,0.0500000,0.0500000,0.0500000,0.0500000,0.0500000,0.0500000,0.0500000,0.0500000,0.0500000,0.0500000,0.0500000
"Bonus","France","Jack Johnson","Budget",354.1666667,354.1666667,354.1666667,354.1666667,354.1666667,354.1666667,354.1666667,354.1666667,354.1666667,354.1666667,354.1666667,354.1666667,4250.0000000
"Gross Salary","France","Jack Johnson","Budget",7437.5000000,7437.5000000,7437.5000000,7437.5000000,7437.5000000,7437.5000000,7437.5000000,7437.5000000,7437.5000000,7437.5000000,7437.5000000,7437.5000000,89250.0000000
"Monthly Salary","World","Jed I Knight","Budget",3028.5409701,3028.5409701,3028.5409701,3028.5409701,3028.5409701,3028.5409701,3028.5409701,3028.5409701,3028.5409701,3028.5409701,3028.5409701,3028.5409701,36342.4916412
"Mthly Bonus Accrual %","World","Jed I Knight","Budget",0.0605684,0.0605684,0.0605684,0.0605684,0.0605684,0.0605684,0.0605684,0.0605684,0.0605684,0.0605684,0.0605684,0.0605684,0.7268208
"Bonus","World","Jed I Knight","Budget",252.3683190,252.3683190,252.3683190,252.3683190,252.3683190,252.3683190,252.3683190,252.3683190,252.3683190,252.3683190,252.3683190,252.3683190,3028.4198285
"Gross Salary","World","Jed I Knight","Budget",3280.9092891,3280.9092891,3280.9092891,3280.9092891,3280.9092891,3280.9092891,3280.9092891,3280.9092891,3280.9092891,3280.9092891,3280.9092891,3280.9092891,39370.9114697
"Monthly Salary","Asia Pacific","Jed I Knight","Budget",3028.5409701,3028.5409701,3028.5409701,3028.5409701,3028.5409701,3028.5409701,3028.5409701,3028.5409701,3028.5409701,3028.5409701,3028.5409701,3028.5409701,36342.4916412
"Mthly Bonus Accrual %","Asia Pacific","Jed I Knight","Budget",0.0605684,0.0605684,0.0605684,0.0605684,0.0605684,0.0605684,0.0605684,0.0605684,0.0605684,0.0605684,0.0605684,0.0605684,0.7268208
"Bonus","Asia Pacific","Jed I Knight","Budget",252.3683190,252.3683190,252.3683190,252.3683190,252.3683190,252.3683190,252.3683190,252.3683190,252.3683190,252.3683190,252.3683190,252.3683190,3028.4198285
"Gross Salary","Asia Pacific","Jed I Knight","Budget",3280.9092891,3280.9092891,3280.9092891,3280.9092891,3280.9092891,3280.9092891,3280.9092891,3280.9092891,3280.9092891,3280.9092891,3280.9092891,3280.9092891,39370.9114697
"Salary or Adjustment Amount","Singapore","Jed I Knight","Budget",4166.6666667,0.00,0.00,0.00,0.00,0.00,0.00,0.00,0.00,0.00,0.00,0.00,4166.6666667
"Monthly Salary","Singapore","Jed I Knight","Budget",4166.6666667,4166.6666667,4166.6666667,4166.6666667,4166.6666667,4166.6666667,4166.6666667,4166.6666667,4166.6666667,4166.6666667,4166.6666667,4166.6666667,50000.0000000
"Bonus Accrual %","Singapore","Jed I Knight","Budget",0.0833300,0.00,0.00,0.00,0.00,0.00,0.00,0.00,0.00,0.00,0.00,0.00,0.0833300
"Mthly Bonus Accrual %","Singapore","Jed I Knight","Budget",0.0833300,0.0833300,0.0833300,0.0833300,0.0833300,0.0833300,0.0833300,0.0833300,0.0833300,0.0833300,0.0833300,0.0833300,0.0833300
"Bonus","Singapore","Jed I Knight","Budget",347.2083333,347.2083333,347.2083333,347.2083333,347.2083333,347.2083333,347.2083333,347.2083333,347.2083333,347.2083333,347.2083333,347.2083333,4166.5000000
"Gross Salary","Singapore","Jed I Knight","Budget",4513.8750000,4513.8750000,4513.8750000,4513.8750000,4513.8750000,4513.8750000,4513.8750000,4513.8750000,4513.8750000,4513.8750000,4513.8750000,4513.8750000,54166.5000000
"Monthly Salary","World","Landy Lawson","Budget",10147.1334348,10147.1334348,10147.1334348,10147.1334348,10147.1334348,10147.1334348,10147.1334348,10147.1334348,10147.1334348,10147.1334348,10147.1334348,10147.1334348,121765.6012177
"Mthly Bonus Accrual %","World","Landy Lawson","Budget",0.0761035,0.0761035,0.0761035,0.0761035,0.0761035,0.0761035,0.0761035,0.0761035,0.0761035,0.0761035,0.0761035,0.0761035,0.9132420
"Bonus","World","Landy Lawson","Budget",507.3566717,507.3566717,507.3566717,507.3566717,507.3566717,507.3566717,507.3566717,507.3566717,507.3566717,507.3566717,507.3566717,507.3566717,6088.2800609
"Gross Salary","World","Landy Lawson","Budget",10654.4901065,10654.4901065,10654.4901065,10654.4901065,10654.4901065,10654.4901065,10654.4901065,10654.4901065,10654.4901065,10654.4901065,10654.4901065,10654.4901065,127853.8812785
"Monthly Salary","Europe","Landy Lawson","Budget",7878.2343988,7878.2343988,7878.2343988,7878.2343988,7878.2343988,7878.2343988,7878.2343988,7878.2343988,7878.2343988,7878.2343988,7878.2343988,7878.2343988,94538.8127854
"Mthly Bonus Accrual %","Europe","Landy Lawson","Budget",0.0590868,0.0590868,0.0590868,0.0590868,0.0590868,0.0590868,0.0590868,0.0590868,0.0590868,0.0590868,0.0590868,0.0590868,0.7090411
"Bonus","Europe","Landy Lawson","Budget",393.9117199,393.9117199,393.9117199,393.9117199,393.9117199,393.9117199,393.9117199,393.9117199,393.9117199,393.9117199,393.9117199,393.9117199,4726.9406393
"Gross Salary","Europe","Landy Lawson","Budget",8272.1461187,8272.1461187,8272.1461187,8272.1461187,8272.1461187,8272.1461187,8272.1461187,8272.1461187,8272.1461187,8272.1461187,8272.1461187,8272.1461187,99265.7534247
"Salary or Adjustment Amount","UK","Landy Lawson","Budget",6666.6666667,0.00,0.00,0.00,0.00,0.00,0.00,0.00,0.00,0.00,0.00,0.00,6666.6666667
"Monthly Salary","UK","Landy Lawson","Budget",6666.6666667,6666.6666667,6666.6666667,6666.6666667,6666.6666667,6666.6666667,6666.6666667,6666.6666667,6666.6666667,6666.6666667,6666.6666667,6666.6666667,80000.0000000
"Bonus Accrual %","UK","Landy Lawson","Budget",0.0500000,0.00,0.00,0.00,0.00,0.00,0.00,0.00,0.00,0.00,0.00,0.00,0.0500000
"Mthly Bonus Accrual %","UK","Landy Lawson","Budget",0.0500000,0.0500000,0.0500000,0.0500000,0.0500000,0.0500000,0.0500000,0.0500000,0.0500000,0.0500000,0.0500000,0.0500000,0.0500000
"Bonus","UK","Landy Lawson","Budget",333.3333333,333.3333333,333.3333333,333.3333333,333.3333333,333.3333333,333.3333333,333.3333333,333.3333333,333.3333333,333.3333333,333.3333333,4000.0000000
"Gross Salary","UK","Landy Lawson","Budget",7000.0000000,7000.0000000,7000.0000000,7000.0000000,7000.0000000,7000.0000000,7000.0000000,7000.0000000,7000.0000000,7000.0000000,7000.0000000,7000.0000000,84000.0000000
"Monthly Salary","World","Leslie Down","Budget",16666.6666667,16666.6666667,16666.6666667,16666.6666667,16666.6666667,16666.6666667,16666.6666667,16666.6666667,16666.6666667,16666.6666667,16666.6666667,16666.6666667,200000.0000000
"Mthly Bonus Accrual %","World","Leslie Down","Budget",0.0500000,0.0500000,0.0500000,0.0500000,0.0500000,0.0500000,0.0500000,0.0500000,0.0500000,0.0500000,0.0500000,0.0500000,0.6000000
"Bonus","World","Leslie Down","Budget",833.3333333,833.3333333,833.3333333,833.3333333,833.3333333,833.3333333,833.3333333,833.3333333,833.3333333,833.3333333,833.3333333,833.3333333,10000.0000000
"Gross Salary","World","Leslie Down","Budget",17500.0000000,17500.0000000,17500.0000000,17500.0000000,17500.0000000,17500.0000000,17500.0000000,17500.0000000,17500.0000000,17500.0000000,17500.0000000,17500.0000000,210000.0000000
"Monthly Salary","North America","Leslie Down","Budget",16666.6666667,16666.6666667,16666.6666667,16666.6666667,16666.6666667,16666.6666667,16666.6666667,16666.6666667,16666.6666667,16666.6666667,16666.6666667,16666.6666667,200000.0000000
"Mthly Bonus Accrual %","North America","Leslie Down","Budget",0.0500000,0.0500000,0.0500000,0.0500000,0.0500000,0.0500000,0.0500000,0.0500000,0.0500000,0.0500000,0.0500000,0.0500000,0.6000000
"Bonus","North America","Leslie Down","Budget",833.3333333,833.3333333,833.3333333,833.3333333,833.3333333,833.3333333,833.3333333,833.3333333,833.3333333,833.3333333,833.3333333,833.3333333,10000.0000000
"Gross Salary","North America","Leslie Down","Budget",17500.0000000,17500.0000000,17500.0000000,17500.0000000,17500.0000000,17500.0000000,17500.0000000,17500.0000000,17500.0000000,17500.0000000,17500.0000000,17500.0000000,210000.0000000
"Salary or Adjustment Amount","USA","Leslie Down","Budget",16666.6666667,0.00,0.00,0.00,0.00,0.00,0.00,0.00,0.00,0.00,0.00,0.00,16666.6666667
"Monthly Salary","USA","Leslie Down","Budget",16666.6666667,16666.6666667,16666.6666667,16666.6666667,16666.6666667,16666.6666667,16666.6666667,16666.6666667,16666.6666667,16666.6666667,16666.6666667,16666.6666667,200000.0000000
"Bonus Accrual %","USA","Leslie Down","Budget",0.0500000,0.00,0.00,0.00,0.00,0.00,0.00,0.00,0.00,0.00,0.00,0.00,0.0500000
"Mthly Bonus Accrual %","USA","Leslie Down","Budget",0.0500000,0.0500000,0.0500000,0.0500000,0.0500000,0.0500000,0.0500000,0.0500000,0.0500000,0.0500000,0.0500000,0.0500000,0.0500000
"Bonus","USA","Leslie Down","Budget",833.3333333,833.3333333,833.3333333,833.3333333,833.3333333,833.3333333,833.3333333,833.3333333,833.3333333,833.3333333,833.3333333,833.3333333,10000.0000000
"Gross Salary","USA","Leslie Down","Budget",17500.0000000,17500.0000000,17500.0000000,17500.0000000,17500.0000000,17500.0000000,17500.0000000,17500.0000000,17500.0000000,17500.0000000,17500.0000000,17500.0000000,210000.0000000
"Monthly Salary","World","Nadir Nestle","Budget",3095.9752322,3095.9752322,3095.9752322,3095.9752322,3095.9752322,3095.9752322,3095.9752322,3095.9752322,3095.9752322,3095.9752322,3095.9752322,3095.9752322,37151.7027864
"Mthly Bonus Accrual %","World","Nadir Nestle","Budget",0.0025799,0.0025799,0.0025799,0.0025799,0.0025799,0.0025799,0.0025799,0.0025799,0.0025799,0.0025799,0.0025799,0.0025799,0.0309585
"Bonus","World","Nadir Nestle","Budget",257.9876161,257.9876161,257.9876161,257.9876161,257.9876161,257.9876161,257.9876161,257.9876161,257.9876161,257.9876161,257.9876161,257.9876161,3095.8513932
"Gross Salary","World","Nadir Nestle","Budget",3353.9628483,3353.9628483,3353.9628483,3353.9628483,3353.9628483,3353.9628483,3353.9628483,3353.9628483,3353.9628483,3353.9628483,3353.9628483,3353.9628483,40247.5541796
"Monthly Salary","Asia Pacific","Nadir Nestle","Budget",3095.9752322,3095.9752322,3095.9752322,3095.9752322,3095.9752322,3095.9752322,3095.9752322,3095.9752322,3095.9752322,3095.9752322,3095.9752322,3095.9752322,37151.7027864
"Mthly Bonus Accrual %","Asia Pacific","Nadir Nestle","Budget",0.0025799,0.0025799,0.0025799,0.0025799,0.0025799,0.0025799,0.0025799,0.0025799,0.0025799,0.0025799,0.0025799,0.0025799,0.0309585
"Bonus","Asia Pacific","Nadir Nestle","Budget",257.9876161,257.9876161,257.9876161,257.9876161,257.9876161,257.9876161,257.9876161,257.9876161,257.9876161,257.9876161,257.9876161,257.9876161,3095.8513932
"Gross Salary","Asia Pacific","Nadir Nestle","Budget",3353.9628483,3353.9628483,3353.9628483,3353.9628483,3353.9628483,3353.9628483,3353.9628483,3353.9628483,3353.9628483,3353.9628483,3353.9628483,3353.9628483,40247.5541796
"Salary or Adjustment Amount","Thailand","Nadir Nestle","Budget",100000.0000000,0.00,0.00,0.00,0.00,0.00,0.00,0.00,0.00,0.00,0.00,0.00,100000.0000000
"Monthly Salary","Thailand","Nadir Nestle","Budget",100000.0000000,100000.0000000,100000.0000000,100000.0000000,100000.0000000,100000.0000000,100000.0000000,100000.0000000,100000.0000000,100000.0000000,100000.0000000,100000.0000000,1200000.0000000
"Bonus Accrual %","Thailand","Nadir Nestle","Budget",0.0833300,0.00,0.00,0.00,0.00,0.00,0.00,0.00,0.00,0.00,0.00,0.00,0.0833300
"Mthly Bonus Accrual %","Thailand","Nadir Nestle","Budget",0.0833300,0.0833300,0.0833300,0.0833300,0.0833300,0.0833300,0.0833300,0.0833300,0.0833300,0.0833300,0.0833300,0.0833300,0.0833300
"Bonus","Thailand","Nadir Nestle","Budget",8333.0000000,8333.0000000,8333.0000000,8333.0000000,8333.0000000,8333.0000000,8333.0000000,8333.0000000,8333.0000000,8333.0000000,8333.0000000,8333.0000000,99996.0000000
"Gross Salary","Thailand","Nadir Nestle","Budget",108333.0000000,108333.0000000,108333.0000000,108333.0000000,108333.0000000,108333.0000000,108333.0000000,108333.0000000,108333.0000000,108333.0000000,108333.0000000,108333.0000000,1299996.0000000
"Monthly Salary","World","Neil Perry","Budget",10931.3511150,10931.3511150,10931.3511150,10931.3511150,10931.3511150,10931.3511150,10931.3511150,10931.3511150,10931.3511150,10931.3511150,10931.3511150,10931.3511150,131176.2133800
"Mthly Bonus Accrual %","World","Neil Perry","Budget",0.0437254,0.0437254,0.0437254,0.0437254,0.0437254,0.0437254,0.0437254,0.0437254,0.0437254,0.0437254,0.0437254,0.0437254,0.5247049
"Bonus","World","Neil Perry","Budget",546.5675557,546.5675557,546.5675557,546.5675557,546.5675557,546.5675557,546.5675557,546.5675557,546.5675557,546.5675557,546.5675557,546.5675557,6558.8106690
"Gross Salary","World","Neil Perry","Budget",11477.9186707,11477.9186707,11477.9186707,11477.9186707,11477.9186707,11477.9186707,11477.9186707,11477.9186707,11477.9186707,11477.9186707,11477.9186707,11477.9186707,137735.0240490
"Monthly Salary","Asia Pacific","Neil Perry","Budget",10931.3511150,10931.3511150,10931.3511150,10931.3511150,10931.3511150,10931.3511150,10931.3511150,10931.3511150,10931.3511150,10931.3511150,10931.3511150,10931.3511150,131176.2133800
"Mthly Bonus Accrual %","Asia Pacific","Neil Perry","Budget",0.0437254,0.0437254,0.0437254,0.0437254,0.0437254,0.0437254,0.0437254,0.0437254,0.0437254,0.0437254,0.0437254,0.0437254,0.5247049
"Bonus","Asia Pacific","Neil Perry","Budget",546.5675557,546.5675557,546.5675557,546.5675557,546.5675557,546.5675557,546.5675557,546.5675557,546.5675557,546.5675557,546.5675557,546.5675557,6558.8106690
"Gross Salary","Asia Pacific","Neil Perry","Budget",11477.9186707,11477.9186707,11477.9186707,11477.9186707,11477.9186707,11477.9186707,11477.9186707,11477.9186707,11477.9186707,11477.9186707,11477.9186707,11477.9186707,137735.0240490
"Salary or Adjustment Amount","Australia","Neil Perry","Budget",12500.0000000,0.00,0.00,0.00,0.00,0.00,0.00,0.00,0.00,0.00,0.00,0.00,12500.0000000
"Monthly Salary","Australia","Neil Perry","Budget",12500.0000000,12500.0000000,12500.0000000,12500.0000000,12500.0000000,12500.0000000,12500.0000000,12500.0000000,12500.0000000,12500.0000000,12500.0000000,12500.0000000,150000.0000000
"Bonus Accrual %","Australia","Neil Perry","Budget",0.0500000,0.00,0.00,0.00,0.00,0.00,0.00,0.00,0.00,0.00,0.00,0.00,0.0500000
"Mthly Bonus Accrual %","Australia","Neil Perry","Budget",0.0500000,0.0500000,0.0500000,0.0500000,0.0500000,0.0500000,0.0500000,0.0500000,0.0500000,0.0500000,0.0500000,0.0500000,0.0500000
"Bonus","Australia","Neil Perry","Budget",625.0000000,625.0000000,625.0000000,625.0000000,625.0000000,625.0000000,625.0000000,625.0000000,625.0000000,625.0000000,625.0000000,625.0000000,7500.0000000
"Gross Salary","Australia","Neil Perry","Budget",13125.0000000,13125.0000000,13125.0000000,13125.0000000,13125.0000000,13125.0000000,13125.0000000,13125.0000000,13125.0000000,13125.0000000,13125.0000000,13125.0000000,157500.0000000
"Monthly Salary","World","Nora Ndom","Budget",12500.0000000,12500.0000000,12500.0000000,12500.0000000,12500.0000000,12500.0000000,12500.0000000,12500.0000000,12500.0000000,12500.0000000,12500.0000000,12500.0000000,150000.0000000
"Mthly Bonus Accrual %","World","Nora Ndom","Budget",0.0500000,0.0500000,0.0500000,0.0500000,0.0500000,0.0500000,0.0500000,0.0500000,0.0500000,0.0500000,0.0500000,0.0500000,0.6000000
"Bonus","World","Nora Ndom","Budget",625.0000000,625.0000000,625.0000000,625.0000000,625.0000000,625.0000000,625.0000000,625.0000000,625.0000000,625.0000000,625.0000000,625.0000000,7500.0000000
"Gross Salary","World","Nora Ndom","Budget",13125.0000000,13125.0000000,13125.0000000,13125.0000000,13125.0000000,13125.0000000,13125.0000000,13125.0000000,13125.0000000,13125.0000000,13125.0000000,13125.0000000,157500.0000000
"Monthly Salary","North America","Nora Ndom","Budget",12500.0000000,12500.0000000,12500.0000000,12500.0000000,12500.0000000,12500.0000000,12500.0000000,12500.0000000,12500.0000000,12500.0000000,12500.0000000,12500.0000000,150000.0000000
"Mthly Bonus Accrual %","North America","Nora Ndom","Budget",0.0500000,0.0500000,0.0500000,0.0500000,0.0500000,0.0500000,0.0500000,0.0500000,0.0500000,0.0500000,0.0500000,0.0500000,0.6000000
"Bonus","North America","Nora Ndom","Budget",625.0000000,625.0000000,625.0000000,625.0000000,625.0000000,625.0000000,625.0000000,625.0000000,625.0000000,625.0000000,625.0000000,625.0000000,7500.0000000
"Gross Salary","North America","Nora Ndom","Budget",13125.0000000,13125.0000000,13125.0000000,13125.0000000,13125.0000000,13125.0000000,13125.0000000,13125.0000000,13125.0000000,13125.0000000,13125.0000000,13125.0000000,157500.0000000
"Salary or Adjustment Amount","USA","Nora Ndom","Budget",12500.0000000,0.00,0.00,0.00,0.00,0.00,0.00,0.00,0.00,0.00,0.00,0.00,12500.0000000
"Monthly Salary","USA","Nora Ndom","Budget",12500.0000000,12500.0000000,12500.0000000,12500.0000000,12500.0000000,12500.0000000,12500.0000000,12500.0000000,12500.0000000,12500.0000000,12500.0000000,12500.0000000,150000.0000000
"Bonus Accrual %","USA","Nora Ndom","Budget",0.0500000,0.00,0.00,0.00,0.00,0.00,0.00,0.00,0.00,0.00,0.00,0.00,0.0500000
"Mthly Bonus Accrual %","USA","Nora Ndom","Budget",0.0500000,0.0500000,0.0500000,0.0500000,0.0500000,0.0500000,0.0500000,0.0500000,0.0500000,0.0500000,0.0500000,0.0500000,0.0500000
"Bonus","USA","Nora Ndom","Budget",625.0000000,625.0000000,625.0000000,625.0000000,625.0000000,625.0000000,625.0000000,625.0000000,625.0000000,625.0000000,625.0000000,625.0000000,7500.0000000
"Gross Salary","USA","Nora Ndom","Budget",13125.0000000,13125.0000000,13125.0000000,13125.0000000,13125.0000000,13125.0000000,13125.0000000,13125.0000000,13125.0000000,13125.0000000,13125.0000000,13125.0000000,157500.0000000
"Monthly Salary","World","Norman Gunston","Budget",8745.0808920,8745.0808920,8745.0808920,8745.0808920,8745.0808920,8745.0808920,8745.0808920,8745.0808920,8745.0808920,8745.0808920,8745.0808920,8745.0808920,104940.9707040
"Mthly Bonus Accrual %","World","Norman Gunston","Budget",0.0437254,0.0437254,0.0437254,0.0437254,0.0437254,0.0437254,0.0437254,0.0437254,0.0437254,0.0437254,0.0437254,0.0437254,0.5247049
"Bonus","World","Norman Gunston","Budget",437.2540446,437.2540446,437.2540446,437.2540446,437.2540446,437.2540446,437.2540446,437.2540446,437.2540446,437.2540446,437.2540446,437.2540446,5247.0485352
"Gross Salary","World","Norman Gunston","Budget",9182.3349366,9182.3349366,9182.3349366,9182.3349366,9182.3349366,9182.3349366,9182.3349366,9182.3349366,9182.3349366,9182.3349366,9182.3349366,9182.3349366,110188.0192392
"Monthly Salary","Asia Pacific","Norman Gunston","Budget",8745.0808920,8745.0808920,8745.0808920,8745.0808920,8745.0808920,8745.0808920,8745.0808920,8745.0808920,8745.0808920,8745.0808920,8745.0808920,8745.0808920,104940.9707040
"Mthly Bonus Accrual %","Asia Pacific","Norman Gunston","Budget",0.0437254,0.0437254,0.0437254,0.0437254,0.0437254,0.0437254,0.0437254,0.0437254,0.0437254,0.0437254,0.0437254,0.0437254,0.5247049
"Bonus","Asia Pacific","Norman Gunston","Budget",437.2540446,437.2540446,437.2540446,437.2540446,437.2540446,437.2540446,437.2540446,437.2540446,437.2540446,437.2540446,437.2540446,437.2540446,5247.0485352
"Gross Salary","Asia Pacific","Norman Gunston","Budget",9182.3349366,9182.3349366,9182.3349366,9182.3349366,9182.3349366,9182.3349366,9182.3349366,9182.3349366,9182.3349366,9182.3349366,9182.3349366,9182.3349366,110188.0192392
"Salary or Adjustment Amount","Australia","Norman Gunston","Budget",10000.0000000,0.00,0.00,0.00,0.00,0.00,0.00,0.00,0.00,0.00,0.00,0.00,10000.0000000
"Monthly Salary","Australia","Norman Gunston","Budget",10000.0000000,10000.0000000,10000.0000000,10000.0000000,10000.0000000,10000.0000000,10000.0000000,10000.0000000,10000.0000000,10000.0000000,10000.0000000,10000.0000000,120000.0000000
"Bonus Accrual %","Australia","Norman Gunston","Budget",0.0500000,0.00,0.00,0.00,0.00,0.00,0.00,0.00,0.00,0.00,0.00,0.00,0.0500000
"Mthly Bonus Accrual %","Australia","Norman Gunston","Budget",0.0500000,0.0500000,0.0500000,0.0500000,0.0500000,0.0500000,0.0500000,0.0500000,0.0500000,0.0500000,0.0500000,0.0500000,0.0500000
"Bonus","Australia","Norman Gunston","Budget",500.0000000,500.0000000,500.0000000,500.0000000,500.0000000,500.0000000,500.0000000,500.0000000,500.0000000,500.0000000,500.0000000,500.0000000,6000.0000000
"Gross Salary","Australia","Norman Gunston","Budget",10500.0000000,10500.0000000,10500.0000000,10500.0000000,10500.0000000,10500.0000000,10500.0000000,10500.0000000,10500.0000000,10500.0000000,10500.0000000,10500.0000000,126000.0000000
"Monthly Salary","World","Pearl Singer","Budget",11666.6666667,11666.6666667,11666.6666667,11666.6666667,11666.6666667,11666.6666667,11666.6666667,11666.6666667,11666.6666667,11666.6666667,11666.6666667,11666.6666667,140000.0000000
"Mthly Bonus Accrual %","World","Pearl Singer","Budget",0.0500000,0.0500000,0.0500000,0.0500000,0.0500000,0.0500000,0.0500000,0.0500000,0.0500000,0.0500000,0.0500000,0.0500000,0.6000000
"Bonus","World","Pearl Singer","Budget",583.3333333,583.3333333,583.3333333,583.3333333,583.3333333,583.3333333,583.3333333,583.3333333,583.3333333,583.3333333,583.3333333,583.3333333,7000.0000000
"Gross Salary","World","Pearl Singer","Budget",12250.0000000,12250.0000000,12250.0000000,12250.0000000,12250.0000000,12250.0000000,12250.0000000,12250.0000000,12250.0000000,12250.0000000,12250.0000000,12250.0000000,147000.0000000
"Monthly Salary","North America","Pearl Singer","Budget",11666.6666667,11666.6666667,11666.6666667,11666.6666667,11666.6666667,11666.6666667,11666.6666667,11666.6666667,11666.6666667,11666.6666667,11666.6666667,11666.6666667,140000.0000000
"Mthly Bonus Accrual %","North America","Pearl Singer","Budget",0.0500000,0.0500000,0.0500000,0.0500000,0.0500000,0.0500000,0.0500000,0.0500000,0.0500000,0.0500000,0.0500000,0.0500000,0.6000000
"Bonus","North America","Pearl Singer","Budget",583.3333333,583.3333333,583.3333333,583.3333333,583.3333333,583.3333333,583.3333333,583.3333333,583.3333333,583.3333333,583.3333333,583.3333333,7000.0000000
"Gross Salary","North America","Pearl Singer","Budget",12250.0000000,12250.0000000,12250.0000000,12250.0000000,12250.0000000,12250.0000000,12250.0000000,12250.0000000,12250.0000000,12250.0000000,12250.0000000,12250.0000000,147000.0000000
"Salary or Adjustment Amount","USA","Pearl Singer","Budget",11666.6666667,0.00,0.00,0.00,0.00,0.00,0.00,0.00,0.00,0.00,0.00,0.00,11666.6666667
"Monthly Salary","USA","Pearl Singer","Budget",11666.6666667,11666.6666667,11666.6666667,11666.6666667,11666.6666667,11666.6666667,11666.6666667,11666.6666667,11666.6666667,11666.6666667,11666.6666667,11666.6666667,140000.0000000
"Bonus Accrual %","USA","Pearl Singer","Budget",0.0500000,0.00,0.00,0.00,0.00,0.00,0.00,0.00,0.00,0.00,0.00,0.00,0.0500000
"Mthly Bonus Accrual %","USA","Pearl Singer","Budget",0.0500000,0.0500000,0.0500000,0.0500000,0.0500000,0.0500000,0.0500000,0.0500000,0.0500000,0.0500000,0.0500000,0.0500000,0.0500000
"Bonus","USA","Pearl Singer","Budget",583.3333333,583.3333333,583.3333333,583.3333333,583.3333333,583.3333333,583.3333333,583.3333333,583.3333333,583.3333333,583.3333333,583.3333333,7000.0000000
"Gross Salary","USA","Pearl Singer","Budget",12250.0000000,12250.0000000,12250.0000000,12250.0000000,12250.0000000,12250.0000000,12250.0000000,12250.0000000,12250.0000000,12250.0000000,12250.0000000,12250.0000000,147000.0000000
"Monthly Salary","World","Sam Diamond","Budget",11415.5251142,11415.5251142,11415.5251142,11415.5251142,11415.5251142,11415.5251142,11415.5251142,11415.5251142,11415.5251142,11415.5251142,11415.5251142,11415.5251142,136986.3013699
"Mthly Bonus Accrual %","World","Sam Diamond","Budget",0.0761035,0.0761035,0.0761035,0.0761035,0.0761035,0.0761035,0.0761035,0.0761035,0.0761035,0.0761035,0.0761035,0.0761035,0.9132420
"Bonus","World","Sam Diamond","Budget",570.7762557,570.7762557,570.7762557,570.7762557,570.7762557,570.7762557,570.7762557,570.7762557,570.7762557,570.7762557,570.7762557,570.7762557,6849.3150685
"Gross Salary","World","Sam Diamond","Budget",11986.3013699,11986.3013699,11986.3013699,11986.3013699,11986.3013699,11986.3013699,11986.3013699,11986.3013699,11986.3013699,11986.3013699,11986.3013699,11986.3013699,143835.6164384
"Monthly Salary","Europe","Sam Diamond","Budget",8863.0136986,8863.0136986,8863.0136986,8863.0136986,8863.0136986,8863.0136986,8863.0136986,8863.0136986,8863.0136986,8863.0136986,8863.0136986,8863.0136986,106356.1643836
"Mthly Bonus Accrual %","Europe","Sam Diamond","Budget",0.0590868,0.0590868,0.0590868,0.0590868,0.0590868,0.0590868,0.0590868,0.0590868,0.0590868,0.0590868,0.0590868,0.0590868,0.7090411
"Bonus","Europe","Sam Diamond","Budget",443.1506849,443.1506849,443.1506849,443.1506849,443.1506849,443.1506849,443.1506849,443.1506849,443.1506849,443.1506849,443.1506849,443.1506849,5317.8082192
"Gross Salary","Europe","Sam Diamond","Budget",9306.1643836,9306.1643836,9306.1643836,9306.1643836,9306.1643836,9306.1643836,9306.1643836,9306.1643836,9306.1643836,9306.1643836,9306.1643836,9306.1643836,111673.9726027
"Salary or Adjustment Amount","UK","Sam Diamond","Budget",7500.0000000,0.00,0.00,0.00,0.00,0.00,0.00,0.00,0.00,0.00,0.00,0.00,7500.0000000
"Monthly Salary","UK","Sam Diamond","Budget",7500.0000000,7500.0000000,7500.0000000,7500.0000000,7500.0000000,7500.0000000,7500.0000000,7500.0000000,7500.0000000,7500.0000000,7500.0000000,7500.0000000,90000.0000000
"Bonus Accrual %","UK","Sam Diamond","Budget",0.0500000,0.00,0.00,0.00,0.00,0.00,0.00,0.00,0.00,0.00,0.00,0.00,0.0500000
"Mthly Bonus Accrual %","UK","Sam Diamond","Budget",0.0500000,0.0500000,0.0500000,0.0500000,0.0500000,0.0500000,0.0500000,0.0500000,0.0500000,0.0500000,0.0500000,0.0500000,0.0500000
"Bonus","UK","Sam Diamond","Budget",375.0000000,375.0000000,375.0000000,375.0000000,375.0000000,375.0000000,375.0000000,375.0000000,375.0000000,375.0000000,375.0000000,375.0000000,4500.0000000
"Gross Salary","UK","Sam Diamond","Budget",7875.0000000,7875.0000000,7875.0000000,7875.0000000,7875.0000000,7875.0000000,7875.0000000,7875.0000000,7875.0000000,7875.0000000,7875.0000000,7875.0000000,94500.0000000
"Monthly Salary","World","Suthee Chimnee","Budget",3353.9731682,3353.9731682,3353.9731682,3353.9731682,3353.9731682,3353.9731682,3353.9731682,3353.9731682,3353.9731682,3353.9731682,3353.9731682,3353.9731682,40247.6780186
"Mthly Bonus Accrual %","World","Suthee Chimnee","Budget",0.0025799,0.0025799,0.0025799,0.0025799,0.0025799,0.0025799,0.0025799,0.0025799,0.0025799,0.0025799,0.0025799,0.0025799,0.0309585
"Bonus","World","Suthee Chimnee","Budget",279.4865841,279.4865841,279.4865841,279.4865841,279.4865841,279.4865841,279.4865841,279.4865841,279.4865841,279.4865841,279.4865841,279.4865841,3353.8390093
"Gross Salary","World","Suthee Chimnee","Budget",3633.4597523,3633.4597523,3633.4597523,3633.4597523,3633.4597523,3633.4597523,3633.4597523,3633.4597523,3633.4597523,3633.4597523,3633.4597523,3633.4597523,43601.5170279
"Monthly Salary","Asia Pacific","Suthee Chimnee","Budget",3353.9731682,3353.9731682,3353.9731682,3353.9731682,3353.9731682,3353.9731682,3353.9731682,3353.9731682,3353.9731682,3353.9731682,3353.9731682,3353.9731682,40247.6780186
"Mthly Bonus Accrual %","Asia Pacific","Suthee Chimnee","Budget",0.0025799,0.0025799,0.0025799,0.0025799,0.0025799,0.0025799,0.0025799,0.0025799,0.0025799,0.0025799,0.0025799,0.0025799,0.0309585
"Bonus","Asia Pacific","Suthee Chimnee","Budget",279.4865841,279.4865841,279.4865841,279.4865841,279.4865841,279.4865841,279.4865841,279.4865841,279.4865841,279.4865841,279.4865841,279.4865841,3353.8390093
"Gross Salary","Asia Pacific","Suthee Chimnee","Budget",3633.4597523,3633.4597523,3633.4597523,3633.4597523,3633.4597523,3633.4597523,3633.4597523,3633.4597523,3633.4597523,3633.4597523,3633.4597523,3633.4597523,43601.5170279
"Salary or Adjustment Amount","Thailand","Suthee Chimnee","Budget",108333.3333333,0.00,0.00,0.00,0.00,0.00,0.00,0.00,0.00,0.00,0.00,0.00,108333.3333333
"Monthly Salary","Thailand","Suthee Chimnee","Budget",108333.3333333,108333.3333333,108333.3333333,108333.3333333,108333.3333333,108333.3333333,108333.3333333,108333.3333333,108333.3333333,108333.3333333,108333.3333333,108333.3333333,1300000.0000000
"Bonus Accrual %","Thailand","Suthee Chimnee","Budget",0.0833300,0.00,0.00,0.00,0.00,0.00,0.00,0.00,0.00,0.00,0.00,0.00,0.0833300
"Mthly Bonus Accrual %","Thailand","Suthee Chimnee","Budget",0.0833300,0.0833300,0.0833300,0.0833300,0.0833300,0.0833300,0.0833300,0.0833300,0.0833300,0.0833300,0.0833300,0.0833300,0.0833300
"Bonus","Thailand","Suthee Chimnee","Budget",9027.4166667,9027.4166667,9027.4166667,9027.4166667,9027.4166667,9027.4166667,9027.4166667,9027.4166667,9027.4166667,9027.4166667,9027.4166667,9027.4166667,108329.0000000
"Gross Salary","Thailand","Suthee Chimnee","Budget",117360.7500000,117360.7500000,117360.7500000,117360.7500000,117360.7500000,117360.7500000,117360.7500000,117360.7500000,117360.7500000,117360.7500000,117360.7500000,117360.7500000,1408329.0000000
"Monthly Salary","World","James Packer","Budget",13117.6213380,13117.6213380,13117.6213380,13117.6213380,13117.6213380,13117.6213380,13117.6213380,13117.6213380,13117.6213380,13117.6213380,13117.6213380,13117.6213380,157411.4560560
"Bonus","World","James Packer","Budget",1093.0913861,1093.0913861,1093.0913861,1093.0913861,1093.0913861,1093.0913861,1093.0913861,1093.0913861,1093.0913861,1093.0913861,1093.0913861,1093.0913861,13117.0966331
"Gross Salary","World","James Packer","Budget",14210.7127241,14210.7127241,14210.7127241,14210.7127241,14210.7127241,14210.7127241,14210.7127241,14210.7127241,14210.7127241,14210.7127241,14210.7127241,14210.7127241,170528.5526891
"Monthly Salary","Asia Pacific","James Packer","Budget",13117.6213380,13117.6213380,13117.6213380,13117.6213380,13117.6213380,13117.6213380,13117.6213380,13117.6213380,13117.6213380,13117.6213380,13117.6213380,13117.6213380,157411.4560560
"Bonus","Asia Pacific","James Packer","Budget",1093.0913861,1093.0913861,1093.0913861,1093.0913861,1093.0913861,1093.0913861,1093.0913861,1093.0913861,1093.0913861,1093.0913861,1093.0913861,1093.0913861,13117.0966331
"Gross Salary","Asia Pacific","James Packer","Budget",14210.7127241,14210.7127241,14210.7127241,14210.7127241,14210.7127241,14210.7127241,14210.7127241,14210.7127241,14210.7127241,14210.7127241,14210.7127241,14210.7127241,170528.5526891
"Salary or Adjustment Amount","Australia","James Packer","Budget",15000.0000000,0.00,0.00,0.00,0.00,0.00,0.00,0.00,0.00,0.00,0.00,0.00,15000.0000000
"Monthly Salary","Australia","James Packer","Budget",15000.0000000,15000.0000000,15000.0000000,15000.0000000,15000.0000000,15000.0000000,15000.0000000,15000.0000000,15000.0000000,15000.0000000,15000.0000000,15000.0000000,180000.0000000
"Bonus Accrual %","Australia","James Packer","Budget",0.0833300,0.00,0.00,0.00,0.00,0.00,0.00,0.00,0.00,0.00,0.00,0.00,0.0833300
"Mthly Bonus Accrual %","Australia","James Packer","Budget",0.0833300,0.0833300,0.0833300,0.0833300,0.0833300,0.0833300,0.0833300,0.0833300,0.0833300,0.0833300,0.0833300,0.0833300,0.0833300
"Bonus","Australia","James Packer","Budget",1249.9500000,1249.9500000,1249.9500000,1249.9500000,1249.9500000,1249.9500000,1249.9500000,1249.9500000,1249.9500000,1249.9500000,1249.9500000,1249.9500000,14999.4000000
"Gross Salary","Australia","James Packer","Budget",16249.9500000,16249.9500000,16249.9500000,16249.9500000,16249.9500000,16249.9500000,16249.9500000,16249.9500000,16249.9500000,16249.9500000,16249.9500000,16249.9500000,194999.4000000
